{"p_x": 0.2804672837257385, "p_y": 0.08560647815465927, "orien_z": -0.13052619222005157, "orien_w": 0.9914448613738104}